Factor	Annotation	lhs	op	rhs	Cov_Smooth	Z_smooth	Enrichment	Enrichment_SE	Enrichment_p_value	Error	Warning	est	SE	Fixed_Enrich	Annotation_clean	Source_annotation
1	/local1/scratch/pazweifel/single_cell_1k1k_respective/CD14_low_CD16_positive_monocyte/	F1	~~	F1	0.0386553762545009	3.44901702055783	-0.0837452976654836	0.6478988999592	0.952807546136669	0	lavaan->lav_object_post_check():  
   some estimated lv variances are negative	NA	NA	NA	CD14_low_CD16_positive_monocyte	CD14_low_CD16_positive_monocyte
2	/local1/scratch/pazweifel/single_cell_1k1k_respective/CD14_low_CD16_positive_monocyte/	F2	~~	F2	0.0386553762545009	3.44901702055783	-0.25070332782623	0.324271073249113	0.999942599034326	0	lavaan->lav_object_post_check():  
   some estimated lv variances are negative	NA	NA	NA	CD14_low_CD16_positive_monocyte	CD14_low_CD16_positive_monocyte
3	/local1/scratch/pazweifel/single_cell_1k1k_respective/CD14_low_CD16_positive_monocyte/	F3	~~	F3	0.0386553762545009	3.44901702055783	0.414342471979597	0.911976857776962	0.739623346807714	0	lavaan->lav_object_post_check():  
   some estimated lv variances are negative	NA	NA	NA	CD14_low_CD16_positive_monocyte	CD14_low_CD16_positive_monocyte
4	/local1/scratch/pazweifel/single_cell_1k1k_respective/CD14_low_CD16_positive_monocyte/	F4	~~	F4	0.0386553762545009	3.44901702055783	-0.283054991247525	0.401370658510553	0.999304913321471	0	lavaan->lav_object_post_check():  
   some estimated lv variances are negative	NA	NA	NA	CD14_low_CD16_positive_monocyte	CD14_low_CD16_positive_monocyte
1	/local1/scratch/pazweifel/single_cell_1k1k_respective/CD14_positive_monocyte/	F1	~~	F1	0.0370286149566753	3.01873766141746	-0.0665302292347208	0.642326373121602	0.95158479758842	0	lavaan->lav_object_post_check():  
   some estimated lv variances are negative	NA	NA	NA	CD14_positive_monocyte	CD14_positive_monocyte
2	/local1/scratch/pazweifel/single_cell_1k1k_respective/CD14_positive_monocyte/	F2	~~	F2	0.0370286149566753	3.01873766141746	-0.337967058742663	0.335639404110374	0.999966447419898	0	lavaan->lav_object_post_check():  
   some estimated lv variances are negative	NA	NA	NA	CD14_positive_monocyte	CD14_positive_monocyte
3	/local1/scratch/pazweifel/single_cell_1k1k_respective/CD14_positive_monocyte/	F3	~~	F3	0.0370286149566753	3.01873766141746	1.95721529267927	1.4071834524084	0.24817786924831	0	lavaan->lav_object_post_check():  
   some estimated lv variances are negative	NA	NA	NA	CD14_positive_monocyte	CD14_positive_monocyte
4	/local1/scratch/pazweifel/single_cell_1k1k_respective/CD14_positive_monocyte/	F4	~~	F4	0.0370286149566753	3.01873766141746	-0.259455927872843	0.399031859889338	0.999201020679778	0	lavaan->lav_object_post_check():  
   some estimated lv variances are negative	NA	NA	NA	CD14_positive_monocyte	CD14_positive_monocyte
1	/local1/scratch/pazweifel/single_cell_1k1k_respective/CD16_negative_CD56_bright_natural_killer_cell_human/	F1	~~	F1	0.0120425398472725	2.0515833169981	0.255665398435248	0.692251999097808	0.858865566245814	0	lavaan->lav_lavaan_step11_estoptim():  
   Model estimation FAILED! Returning starting values.	NA	NA	NA	CD16_negative_CD56_bright_natural_killer_cell_human	CD16_negative_CD56_bright_natural_killer_cell_human
2	/local1/scratch/pazweifel/single_cell_1k1k_respective/CD16_negative_CD56_bright_natural_killer_cell_human/	F2	~~	F2	0.0120425398472725	2.0515833169981	-0.188234309600085	0.287049722135486	0.999982594701727	0	lavaan->lav_lavaan_step11_estoptim():  
   Model estimation FAILED! Returning starting values.	NA	NA	NA	CD16_negative_CD56_bright_natural_killer_cell_human	CD16_negative_CD56_bright_natural_killer_cell_human
3	/local1/scratch/pazweifel/single_cell_1k1k_respective/CD16_negative_CD56_bright_natural_killer_cell_human/	F3	~~	F3	0.0120425398472725	2.0515833169981	-0.92254278898421	0.897573217310978	0.983900612140201	0	lavaan->lav_lavaan_step11_estoptim():  
   Model estimation FAILED! Returning starting values.	NA	NA	NA	CD16_negative_CD56_bright_natural_killer_cell_human	CD16_negative_CD56_bright_natural_killer_cell_human
4	/local1/scratch/pazweifel/single_cell_1k1k_respective/CD16_negative_CD56_bright_natural_killer_cell_human/	F4	~~	F4	0.0120425398472725	2.0515833169981	-0.39386410102189	0.353929692116755	0.999958961211103	0	lavaan->lav_lavaan_step11_estoptim():  
   Model estimation FAILED! Returning starting values.	NA	NA	NA	CD16_negative_CD56_bright_natural_killer_cell_human	CD16_negative_CD56_bright_natural_killer_cell_human
1	/local1/scratch/pazweifel/single_cell_1k1k_respective/CD4_positive_alpha_beta_cytotoxic_T_cell/	F1	~~	F1	0.015496883645056	1.96174630166834	-0.0235754430771895	0.588954277759955	0.958890540294247	0	lavaan->lav_object_post_check():  
   some estimated lv variances are negative	NA	NA	NA	CD4_positive_alpha_beta_cytotoxic_T_cell	CD4_positive_alpha_beta_cytotoxic_T_cell
2	/local1/scratch/pazweifel/single_cell_1k1k_respective/CD4_positive_alpha_beta_cytotoxic_T_cell/	F2	~~	F2	0.015496883645056	1.96174630166834	0.345921989743631	0.295300838828892	0.986618416417089	0	lavaan->lav_object_post_check():  
   some estimated lv variances are negative	NA	NA	NA	CD4_positive_alpha_beta_cytotoxic_T_cell	CD4_positive_alpha_beta_cytotoxic_T_cell
3	/local1/scratch/pazweifel/single_cell_1k1k_respective/CD4_positive_alpha_beta_cytotoxic_T_cell/	F3	~~	F3	0.015496883645056	1.96174630166834	0.207274177884084	0.900678766617609	0.810608989261393	0	lavaan->lav_object_post_check():  
   some estimated lv variances are negative	NA	NA	NA	CD4_positive_alpha_beta_cytotoxic_T_cell	CD4_positive_alpha_beta_cytotoxic_T_cell
4	/local1/scratch/pazweifel/single_cell_1k1k_respective/CD4_positive_alpha_beta_cytotoxic_T_cell/	F4	~~	F4	0.015496883645056	1.96174630166834	0.209843554867193	0.351908558371485	0.987627032807932	0	lavaan->lav_object_post_check():  
   some estimated lv variances are negative	NA	NA	NA	CD4_positive_alpha_beta_cytotoxic_T_cell	CD4_positive_alpha_beta_cytotoxic_T_cell
1	/local1/scratch/pazweifel/single_cell_1k1k_respective/CD4_positive_alpha_beta_T_cell/	F1	~~	F1	0.0153655685778473	2.216331257105	0.0112895618104714	0.650570966728249	0.935714097085769	0	lavaan->lav_object_post_check():  
   some estimated lv variances are negative	NA	NA	NA	CD4_positive_alpha_beta_T_cell	CD4_positive_alpha_beta_T_cell
2	/local1/scratch/pazweifel/single_cell_1k1k_respective/CD4_positive_alpha_beta_T_cell/	F2	~~	F2	0.0153655685778473	2.216331257105	-0.350733249153771	0.327905524916471	0.999980996737849	0	lavaan->lav_object_post_check():  
   some estimated lv variances are negative	NA	NA	NA	CD4_positive_alpha_beta_T_cell	CD4_positive_alpha_beta_T_cell
3	/local1/scratch/pazweifel/single_cell_1k1k_respective/CD4_positive_alpha_beta_T_cell/	F3	~~	F3	0.0153655685778473	2.216331257105	0.358812870457104	1.19571710815959	0.704102436781803	0	lavaan->lav_object_post_check():  
   some estimated lv variances are negative	NA	NA	NA	CD4_positive_alpha_beta_T_cell	CD4_positive_alpha_beta_T_cell
4	/local1/scratch/pazweifel/single_cell_1k1k_respective/CD4_positive_alpha_beta_T_cell/	F4	~~	F4	0.0153655685778473	2.216331257105	-0.527833950657162	0.475760411681647	0.999339439031268	0	lavaan->lav_object_post_check():  
   some estimated lv variances are negative	NA	NA	NA	CD4_positive_alpha_beta_T_cell	CD4_positive_alpha_beta_T_cell
1	/local1/scratch/pazweifel/single_cell_1k1k_respective/CD8_positive_alpha_beta_T_cell/	F1	~~	F1	0.0234120812168107	2.30102106440344	-0.0143490588214889	0.782038879612553	0.902694224636467	0	lavaan->lav_object_post_check():  
   some estimated lv variances are negative	NA	NA	NA	CD8_positive_alpha_beta_T_cell	CD8_positive_alpha_beta_T_cell
2	/local1/scratch/pazweifel/single_cell_1k1k_respective/CD8_positive_alpha_beta_T_cell/	F2	~~	F2	0.0234120812168107	2.30102106440344	-0.0837486571738639	0.322248167032559	0.999614619809637	0	lavaan->lav_object_post_check():  
   some estimated lv variances are negative	NA	NA	NA	CD8_positive_alpha_beta_T_cell	CD8_positive_alpha_beta_T_cell
3	/local1/scratch/pazweifel/single_cell_1k1k_respective/CD8_positive_alpha_beta_T_cell/	F3	~~	F3	0.0234120812168107	2.30102106440344	0.053704819202399	1.10669876533053	0.803741367614632	0	lavaan->lav_object_post_check():  
   some estimated lv variances are negative	NA	NA	NA	CD8_positive_alpha_beta_T_cell	CD8_positive_alpha_beta_T_cell
4	/local1/scratch/pazweifel/single_cell_1k1k_respective/CD8_positive_alpha_beta_T_cell/	F4	~~	F4	0.0234120812168107	2.30102106440344	-0.291258903257119	0.417100462798373	0.999018580847655	0	lavaan->lav_object_post_check():  
   some estimated lv variances are negative	NA	NA	NA	CD8_positive_alpha_beta_T_cell	CD8_positive_alpha_beta_T_cell
1	/local1/scratch/pazweifel/single_cell_1k1k_respective/central_memory_CD4_positive_alpha_beta_T_cell/	F1	~~	F1	0.0347648422897324	4.74316251072096	-0.0739258912812039	0.396380275451201	0.996629061300421	0	lavaan->lav_object_post_check():  
   some estimated lv variances are negative	NA	NA	NA	central_memory_CD4_positive_alpha_beta_T_cell	central_memory_CD4_positive_alpha_beta_T_cell
2	/local1/scratch/pazweifel/single_cell_1k1k_respective/central_memory_CD4_positive_alpha_beta_T_cell/	F2	~~	F2	0.0347648422897324	4.74316251072096	0.0316080249873823	0.255580307500651	0.999924370387252	0	lavaan->lav_object_post_check():  
   some estimated lv variances are negative	NA	NA	NA	central_memory_CD4_positive_alpha_beta_T_cell	central_memory_CD4_positive_alpha_beta_T_cell
3	/local1/scratch/pazweifel/single_cell_1k1k_respective/central_memory_CD4_positive_alpha_beta_T_cell/	F3	~~	F3	0.0347648422897324	4.74316251072096	-0.0262287919480142	0.799224300565808	0.900434448648984	0	lavaan->lav_object_post_check():  
   some estimated lv variances are negative	NA	NA	NA	central_memory_CD4_positive_alpha_beta_T_cell	central_memory_CD4_positive_alpha_beta_T_cell
4	/local1/scratch/pazweifel/single_cell_1k1k_respective/central_memory_CD4_positive_alpha_beta_T_cell/	F4	~~	F4	0.0347648422897324	4.74316251072096	0.0485745394015272	0.374436321260205	0.994472476519306	0	lavaan->lav_object_post_check():  
   some estimated lv variances are negative	NA	NA	NA	central_memory_CD4_positive_alpha_beta_T_cell	central_memory_CD4_positive_alpha_beta_T_cell
1	/local1/scratch/pazweifel/single_cell_1k1k_respective/central_memory_CD8_positive_alpha_beta_T_cell/	F1	~~	F1	0.0308327122100585	3.12044423912655	-0.0784071736100665	0.5134526260453	0.982148994920894	0	lavaan->lav_object_post_check():  
   some estimated lv variances are negative	NA	NA	NA	central_memory_CD8_positive_alpha_beta_T_cell	central_memory_CD8_positive_alpha_beta_T_cell
2	/local1/scratch/pazweifel/single_cell_1k1k_respective/central_memory_CD8_positive_alpha_beta_T_cell/	F2	~~	F2	0.0308327122100585	3.12044423912655	0.275561632185647	0.264459982612152	0.996921602952352	0	lavaan->lav_object_post_check():  
   some estimated lv variances are negative	NA	NA	NA	central_memory_CD8_positive_alpha_beta_T_cell	central_memory_CD8_positive_alpha_beta_T_cell
3	/local1/scratch/pazweifel/single_cell_1k1k_respective/central_memory_CD8_positive_alpha_beta_T_cell/	F3	~~	F3	0.0308327122100585	3.12044423912655	0.0449404386110558	0.875585467628151	0.862312246367628	0	lavaan->lav_object_post_check():  
   some estimated lv variances are negative	NA	NA	NA	central_memory_CD8_positive_alpha_beta_T_cell	central_memory_CD8_positive_alpha_beta_T_cell
4	/local1/scratch/pazweifel/single_cell_1k1k_respective/central_memory_CD8_positive_alpha_beta_T_cell/	F4	~~	F4	0.0308327122100585	3.12044423912655	0.268415858184928	0.347771098591987	0.98229493698868	0	lavaan->lav_object_post_check():  
   some estimated lv variances are negative	NA	NA	NA	central_memory_CD8_positive_alpha_beta_T_cell	central_memory_CD8_positive_alpha_beta_T_cell
1	/local1/scratch/pazweifel/single_cell_1k1k_respective/Control/	F1	~~	F1	0.146897798209283	1.81012895837777	-0.0531833794932622	0.720885864627784	0.927986403437573	0	lavaan->lav_object_post_check():  
   some estimated lv variances are negative	NA	NA	NA	Control	Control
2	/local1/scratch/pazweifel/single_cell_1k1k_respective/Control/	F2	~~	F2	0.146897798209283	1.81012895837777	-0.286005473107583	0.307098231952725	0.999985904194584	0	lavaan->lav_object_post_check():  
   some estimated lv variances are negative	NA	NA	NA	Control	Control
3	/local1/scratch/pazweifel/single_cell_1k1k_respective/Control/	F3	~~	F3	0.146897798209283	1.81012895837777	0.169440873918809	0.629752639388706	0.906392984700514	0	lavaan->lav_object_post_check():  
   some estimated lv variances are negative	NA	NA	NA	Control	Control
4	/local1/scratch/pazweifel/single_cell_1k1k_respective/Control/	F4	~~	F4	0.146897798209283	1.81012895837777	-0.284374144055283	0.428400417404617	0.998641520622921	0	lavaan->lav_object_post_check():  
   some estimated lv variances are negative	NA	NA	NA	Control	Control
1	/local1/scratch/pazweifel/single_cell_1k1k_respective/conventional_dendritic_cell/	F1	~~	F1	0.0260406233907398	2.36779664335954	-0.0740932261677462	0.616765410169533	0.959201482984563	0	lavaan->lav_object_post_check():  
   some estimated lv variances are negative	NA	NA	NA	conventional_dendritic_cell	conventional_dendritic_cell
2	/local1/scratch/pazweifel/single_cell_1k1k_respective/conventional_dendritic_cell/	F2	~~	F2	0.0260406233907398	2.36779664335954	-0.0975529497398827	0.337275895903449	0.999431378082455	0	lavaan->lav_object_post_check():  
   some estimated lv variances are negative	NA	NA	NA	conventional_dendritic_cell	conventional_dendritic_cell
3	/local1/scratch/pazweifel/single_cell_1k1k_respective/conventional_dendritic_cell/	F3	~~	F3	0.0260406233907398	2.36779664335954	0.830951234028027	1.08586168433327	0.561858028915767	0	lavaan->lav_object_post_check():  
   some estimated lv variances are negative	NA	NA	NA	conventional_dendritic_cell	conventional_dendritic_cell
4	/local1/scratch/pazweifel/single_cell_1k1k_respective/conventional_dendritic_cell/	F4	~~	F4	0.0260406233907398	2.36779664335954	-0.1844009655661	0.442101846193321	0.996308132692072	0	lavaan->lav_object_post_check():  
   some estimated lv variances are negative	NA	NA	NA	conventional_dendritic_cell	conventional_dendritic_cell
1	/local1/scratch/pazweifel/single_cell_1k1k_respective/dendritic_cell/	F1	~~	F1	0.0199985184212253	2.27606506682997	0.0363230098621374	0.7717074403079	0.894123472743709	0	lavaan->lav_object_post_check():  
   covariance matrix of latent variables is not positive definite ; use 
   lavInspect(fit, "cov.lv") to investigate.	NA	NA	NA	dendritic_cell	dendritic_cell
2	/local1/scratch/pazweifel/single_cell_1k1k_respective/dendritic_cell/	F2	~~	F2	0.0199985184212253	2.27606506682997	0.0982002313897994	0.338050559807604	0.996180783661704	0	lavaan->lav_object_post_check():  
   covariance matrix of latent variables is not positive definite ; use 
   lavInspect(fit, "cov.lv") to investigate.	NA	NA	NA	dendritic_cell	dendritic_cell
3	/local1/scratch/pazweifel/single_cell_1k1k_respective/dendritic_cell/	F3	~~	F3	0.0199985184212253	2.27606506682997	0.52643857629211	1.17987264581274	0.655924866743337	0	lavaan->lav_object_post_check():  
   covariance matrix of latent variables is not positive definite ; use 
   lavInspect(fit, "cov.lv") to investigate.	NA	NA	NA	dendritic_cell	dendritic_cell
4	/local1/scratch/pazweifel/single_cell_1k1k_respective/dendritic_cell/	F4	~~	F4	0.0199985184212253	2.27606506682997	0.284807751581045	0.420575252491104	0.955482442562325	0	lavaan->lav_object_post_check():  
   covariance matrix of latent variables is not positive definite ; use 
   lavInspect(fit, "cov.lv") to investigate.	NA	NA	NA	dendritic_cell	dendritic_cell
1	/local1/scratch/pazweifel/single_cell_1k1k_respective/double_negative_thymocyte/	F1	~~	F1	0.0164276048632745	2.24697357446832	0.0854115211956725	0.794459503241962	0.875176751385093	0	lavaan->lav_object_post_check():  
   some estimated lv variances are negative	NA	NA	NA	double_negative_thymocyte	double_negative_thymocyte
2	/local1/scratch/pazweifel/single_cell_1k1k_respective/double_negative_thymocyte/	F2	~~	F2	0.0164276048632745	2.24697357446832	-0.0320830732776	0.272034875597755	0.999925861227666	0	lavaan->lav_object_post_check():  
   some estimated lv variances are negative	NA	NA	NA	double_negative_thymocyte	double_negative_thymocyte
3	/local1/scratch/pazweifel/single_cell_1k1k_respective/double_negative_thymocyte/	F3	~~	F3	0.0164276048632745	2.24697357446832	0.250125138512535	1.19934456656164	0.734092311215377	0	lavaan->lav_object_post_check():  
   some estimated lv variances are negative	NA	NA	NA	double_negative_thymocyte	double_negative_thymocyte
4	/local1/scratch/pazweifel/single_cell_1k1k_respective/double_negative_thymocyte/	F4	~~	F4	0.0164276048632745	2.24697357446832	-0.422058353956743	0.386530682557501	0.999882939082736	0	lavaan->lav_object_post_check():  
   some estimated lv variances are negative	NA	NA	NA	double_negative_thymocyte	double_negative_thymocyte
1	/local1/scratch/pazweifel/single_cell_1k1k_respective/effector_memory_CD4_positive_alpha_beta_T_cell/	F1	~~	F1	0.0201752561480654	3.22560148320367	-0.0573182114523568	0.512915561587248	0.98036700178592	0	lavaan->lav_object_post_check():  
   some estimated lv variances are negative	NA	NA	NA	effector_memory_CD4_positive_alpha_beta_T_cell	effector_memory_CD4_positive_alpha_beta_T_cell
2	/local1/scratch/pazweifel/single_cell_1k1k_respective/effector_memory_CD4_positive_alpha_beta_T_cell/	F2	~~	F2	0.0201752561480654	3.22560148320367	0.0706952879415874	0.244299926674379	0.999928796538959	0	lavaan->lav_object_post_check():  
   some estimated lv variances are negative	NA	NA	NA	effector_memory_CD4_positive_alpha_beta_T_cell	effector_memory_CD4_positive_alpha_beta_T_cell
3	/local1/scratch/pazweifel/single_cell_1k1k_respective/effector_memory_CD4_positive_alpha_beta_T_cell/	F3	~~	F3	0.0201752561480654	3.22560148320367	0.0983398598373774	0.902051391247296	0.841239772182946	0	lavaan->lav_object_post_check():  
   some estimated lv variances are negative	NA	NA	NA	effector_memory_CD4_positive_alpha_beta_T_cell	effector_memory_CD4_positive_alpha_beta_T_cell
4	/local1/scratch/pazweifel/single_cell_1k1k_respective/effector_memory_CD4_positive_alpha_beta_T_cell/	F4	~~	F4	0.0201752561480654	3.22560148320367	0.0239692592909949	0.354992649217574	0.99701513406505	0	lavaan->lav_object_post_check():  
   some estimated lv variances are negative	NA	NA	NA	effector_memory_CD4_positive_alpha_beta_T_cell	effector_memory_CD4_positive_alpha_beta_T_cell
1	/local1/scratch/pazweifel/single_cell_1k1k_respective/effector_memory_CD8_positive_alpha_beta_T_cell/	F1	~~	F1	0.0107878145098168	1.52540571949087	0.01816631664575	0.510795417779591	0.97270757535399	0	lavaan->lav_object_post_check():  
   some estimated lv variances are negative	NA	NA	NA	effector_memory_CD8_positive_alpha_beta_T_cell	effector_memory_CD8_positive_alpha_beta_T_cell
2	/local1/scratch/pazweifel/single_cell_1k1k_respective/effector_memory_CD8_positive_alpha_beta_T_cell/	F2	~~	F2	0.0107878145098168	1.52540571949087	0.101773696860245	0.27775601548399	0.999389370666653	0	lavaan->lav_object_post_check():  
   some estimated lv variances are negative	NA	NA	NA	effector_memory_CD8_positive_alpha_beta_T_cell	effector_memory_CD8_positive_alpha_beta_T_cell
3	/local1/scratch/pazweifel/single_cell_1k1k_respective/effector_memory_CD8_positive_alpha_beta_T_cell/	F3	~~	F3	0.0107878145098168	1.52540571949087	0.31502651183968	1.00909682012622	0.751367253040445	0	lavaan->lav_object_post_check():  
   some estimated lv variances are negative	NA	NA	NA	effector_memory_CD8_positive_alpha_beta_T_cell	effector_memory_CD8_positive_alpha_beta_T_cell
4	/local1/scratch/pazweifel/single_cell_1k1k_respective/effector_memory_CD8_positive_alpha_beta_T_cell/	F4	~~	F4	0.0107878145098168	1.52540571949087	-0.0340138742825563	0.339776879712764	0.998829672265387	0	lavaan->lav_object_post_check():  
   some estimated lv variances are negative	NA	NA	NA	effector_memory_CD8_positive_alpha_beta_T_cell	effector_memory_CD8_positive_alpha_beta_T_cell
1	/local1/scratch/pazweifel/single_cell_1k1k_respective/erythrocyte/	F1	~~	F1	0.0143401699931363	1.33592083936473	0.329215199944192	0.984864284140522	0.75209387938888	0	lavaan->lav_object_post_check():  
   some estimated lv variances are negative	NA	NA	NA	erythrocyte	erythrocyte
2	/local1/scratch/pazweifel/single_cell_1k1k_respective/erythrocyte/	F2	~~	F2	0.0143401699931363	1.33592083936473	-0.19704845699898	0.268773844881499	0.999995780609082	0	lavaan->lav_object_post_check():  
   some estimated lv variances are negative	NA	NA	NA	erythrocyte	erythrocyte
3	/local1/scratch/pazweifel/single_cell_1k1k_respective/erythrocyte/	F3	~~	F3	0.0143401699931363	1.33592083936473	-0.0865321230722335	0.983484550024006	0.865372108581904	0	lavaan->lav_object_post_check():  
   some estimated lv variances are negative	NA	NA	NA	erythrocyte	erythrocyte
4	/local1/scratch/pazweifel/single_cell_1k1k_respective/erythrocyte/	F4	~~	F4	0.0143401699931363	1.33592083936473	0.13783126216988	0.340742545490429	0.99430117016451	0	lavaan->lav_object_post_check():  
   some estimated lv variances are negative	NA	NA	NA	erythrocyte	erythrocyte
1	/local1/scratch/pazweifel/single_cell_1k1k_respective/gamma_delta_T_cell/	F1	~~	F1	0.0102736270750706	1.72047001602222	0.463768395108856	0.619421151742992	0.806672080495997	0	lavaan->lav_object_post_check():  
   covariance matrix of latent variables is not positive definite ; use 
   lavInspect(fit, "cov.lv") to investigate.	NA	NA	NA	gamma_delta_T_cell	gamma_delta_T_cell
2	/local1/scratch/pazweifel/single_cell_1k1k_respective/gamma_delta_T_cell/	F2	~~	F2	0.0102736270750706	1.72047001602222	0.247052779676111	0.269968174950924	0.997356627561294	0	lavaan->lav_object_post_check():  
   covariance matrix of latent variables is not positive definite ; use 
   lavInspect(fit, "cov.lv") to investigate.	NA	NA	NA	gamma_delta_T_cell	gamma_delta_T_cell
3	/local1/scratch/pazweifel/single_cell_1k1k_respective/gamma_delta_T_cell/	F3	~~	F3	0.0102736270750706	1.72047001602222	1.44672160057309	0.982542905579511	0.324677427855889	0	lavaan->lav_object_post_check():  
   covariance matrix of latent variables is not positive definite ; use 
   lavInspect(fit, "cov.lv") to investigate.	NA	NA	NA	gamma_delta_T_cell	gamma_delta_T_cell
4	/local1/scratch/pazweifel/single_cell_1k1k_respective/gamma_delta_T_cell/	F4	~~	F4	0.0102736270750706	1.72047001602222	0.236289265511393	0.387125485338027	0.975739289011784	0	lavaan->lav_object_post_check():  
   covariance matrix of latent variables is not positive definite ; use 
   lavInspect(fit, "cov.lv") to investigate.	NA	NA	NA	gamma_delta_T_cell	gamma_delta_T_cell
1	/local1/scratch/pazweifel/single_cell_1k1k_respective/hematopoietic_precursor_cell/	F1	~~	F1	0.016667300246415	2.91745848905995	0.130205972847646	0.572639082385845	0.935608918605768	0	lavaan->lav_object_post_check():  
   some estimated lv variances are negative	NA	NA	NA	hematopoietic_precursor_cell	hematopoietic_precursor_cell
2	/local1/scratch/pazweifel/single_cell_1k1k_respective/hematopoietic_precursor_cell/	F2	~~	F2	0.016667300246415	2.91745848905995	-0.316690298034611	0.252408684475157	0.999999908832983	0	lavaan->lav_object_post_check():  
   some estimated lv variances are negative	NA	NA	NA	hematopoietic_precursor_cell	hematopoietic_precursor_cell
3	/local1/scratch/pazweifel/single_cell_1k1k_respective/hematopoietic_precursor_cell/	F3	~~	F3	0.016667300246415	2.91745848905995	0.57838745374442	0.799501277001477	0.701022787589351	0	lavaan->lav_object_post_check():  
   some estimated lv variances are negative	NA	NA	NA	hematopoietic_precursor_cell	hematopoietic_precursor_cell
4	/local1/scratch/pazweifel/single_cell_1k1k_respective/hematopoietic_precursor_cell/	F4	~~	F4	0.016667300246415	2.91745848905995	-0.460838822589743	0.296534828556467	0.999999581132937	0	lavaan->lav_object_post_check():  
   some estimated lv variances are negative	NA	NA	NA	hematopoietic_precursor_cell	hematopoietic_precursor_cell
1	/local1/scratch/pazweifel/single_cell_1k1k_respective/innate_lymphoid_cell/	F1	~~	F1	0.00695969783844888	1.06657181582608	0.888174584798128	0.574950217098611	0.57710616666646	0	lavaan->lav_object_post_check():  
   some estimated ov variances are negative	NA	NA	NA	innate_lymphoid_cell	innate_lymphoid_cell
2	/local1/scratch/pazweifel/single_cell_1k1k_respective/innate_lymphoid_cell/	F2	~~	F2	0.00695969783844888	1.06657181582608	0.375707579944761	0.296024589800685	0.982524291530336	0	lavaan->lav_object_post_check():  
   some estimated ov variances are negative	NA	NA	NA	innate_lymphoid_cell	innate_lymphoid_cell
3	/local1/scratch/pazweifel/single_cell_1k1k_respective/innate_lymphoid_cell/	F3	~~	F3	0.00695969783844888	1.06657181582608	0.339212491646362	0.800834497416832	0.795349311751253	0	lavaan->lav_object_post_check():  
   some estimated ov variances are negative	NA	NA	NA	innate_lymphoid_cell	innate_lymphoid_cell
4	/local1/scratch/pazweifel/single_cell_1k1k_respective/innate_lymphoid_cell/	F4	~~	F4	0.00695969783844888	1.06657181582608	0.264248827641742	0.424590298558777	0.958438806918459	0	lavaan->lav_object_post_check():  
   some estimated ov variances are negative	NA	NA	NA	innate_lymphoid_cell	innate_lymphoid_cell
1	/local1/scratch/pazweifel/single_cell_1k1k_respective/memory_B_cell/	F1	~~	F1	0.0208239375028233	2.31694796825159	-1.6429372334094	0.525149979873932	0.999999758226053	0	lavaan->lav_lavaan_step11_estoptim():  
   Model estimation FAILED! Returning starting values.	NA	NA	NA	memory_B_cell	memory_B_cell
2	/local1/scratch/pazweifel/single_cell_1k1k_respective/memory_B_cell/	F2	~~	F2	0.0208239375028233	2.31694796825159	-0.642523641254342	0.294969646289492	0.999999987149211	0	lavaan->lav_lavaan_step11_estoptim():  
   Model estimation FAILED! Returning starting values.	NA	NA	NA	memory_B_cell	memory_B_cell
3	/local1/scratch/pazweifel/single_cell_1k1k_respective/memory_B_cell/	F3	~~	F3	0.0208239375028233	2.31694796825159	-2.34522326483533	0.748559662257418	0.999996068487805	0	lavaan->lav_lavaan_step11_estoptim():  
   Model estimation FAILED! Returning starting values.	NA	NA	NA	memory_B_cell	memory_B_cell
4	/local1/scratch/pazweifel/single_cell_1k1k_respective/memory_B_cell/	F4	~~	F4	0.0208239375028233	2.31694796825159	-0.893728424073158	0.383295191575476	0.999999610692567	0	lavaan->lav_lavaan_step11_estoptim():  
   Model estimation FAILED! Returning starting values.	NA	NA	NA	memory_B_cell	memory_B_cell
1	/local1/scratch/pazweifel/single_cell_1k1k_respective/mucosal_invariant_T_cell/	F1	~~	F1	0.0187574819407707	2.32747500731021	-0.00450655697941073	0.463065465158221	0.984968292708889	0	lavaan->lav_object_post_check():  
   some estimated lv variances are negative	NA	NA	NA	mucosal_invariant_T_cell	mucosal_invariant_T_cell
2	/local1/scratch/pazweifel/single_cell_1k1k_respective/mucosal_invariant_T_cell/	F2	~~	F2	0.0187574819407707	2.32747500731021	0.160689670270139	0.248704385304665	0.999630560247479	0	lavaan->lav_object_post_check():  
   some estimated lv variances are negative	NA	NA	NA	mucosal_invariant_T_cell	mucosal_invariant_T_cell
3	/local1/scratch/pazweifel/single_cell_1k1k_respective/mucosal_invariant_T_cell/	F3	~~	F3	0.0187574819407707	2.32747500731021	0.0441740206261123	0.817564693308301	0.878821061869192	0	lavaan->lav_object_post_check():  
   some estimated lv variances are negative	NA	NA	NA	mucosal_invariant_T_cell	mucosal_invariant_T_cell
4	/local1/scratch/pazweifel/single_cell_1k1k_respective/mucosal_invariant_T_cell/	F4	~~	F4	0.0187574819407707	2.32747500731021	0.177521911581312	0.347667667483662	0.991002037905839	0	lavaan->lav_object_post_check():  
   some estimated lv variances are negative	NA	NA	NA	mucosal_invariant_T_cell	mucosal_invariant_T_cell
1	/local1/scratch/pazweifel/single_cell_1k1k_respective/naive_B_cell/	F1	~~	F1	0.0115241040415405	1.70465741980574	0.13815824573374	0.448965618262722	0.972546813166306	0	lavaan->lav_object_post_check():  
   covariance matrix of latent variables is not positive definite ; use 
   lavInspect(fit, "cov.lv") to investigate.	NA	NA	NA	naive_B_cell	naive_B_cell
2	/local1/scratch/pazweifel/single_cell_1k1k_respective/naive_B_cell/	F2	~~	F2	0.0115241040415405	1.70465741980574	0.0737990015447825	0.269382283387477	0.999707245971769	0	lavaan->lav_object_post_check():  
   covariance matrix of latent variables is not positive definite ; use 
   lavInspect(fit, "cov.lv") to investigate.	NA	NA	NA	naive_B_cell	naive_B_cell
3	/local1/scratch/pazweifel/single_cell_1k1k_respective/naive_B_cell/	F3	~~	F3	0.0115241040415405	1.70465741980574	0.87202689319662	0.749104010699528	0.567823205869535	0	lavaan->lav_object_post_check():  
   covariance matrix of latent variables is not positive definite ; use 
   lavInspect(fit, "cov.lv") to investigate.	NA	NA	NA	naive_B_cell	naive_B_cell
4	/local1/scratch/pazweifel/single_cell_1k1k_respective/naive_B_cell/	F4	~~	F4	0.0115241040415405	1.70465741980574	0.311413606557453	0.346285153847445	0.976621529663573	0	lavaan->lav_object_post_check():  
   covariance matrix of latent variables is not positive definite ; use 
   lavInspect(fit, "cov.lv") to investigate.	NA	NA	NA	naive_B_cell	naive_B_cell
1	/local1/scratch/pazweifel/single_cell_1k1k_respective/naive_thymus_derived_CD4_positive_alpha_beta_T_cell/	F1	~~	F1	0.0261938074482722	3.61169873031628	-0.0808399412689062	0.376602161198922	0.997947498617189	0	lavaan->lav_object_post_check():  
   some estimated lv variances are negative	NA	NA	NA	naive_thymus_derived_CD4_positive_alpha_beta_T_cell	naive_thymus_derived_CD4_positive_alpha_beta_T_cell
2	/local1/scratch/pazweifel/single_cell_1k1k_respective/naive_thymus_derived_CD4_positive_alpha_beta_T_cell/	F2	~~	F2	0.0261938074482722	3.61169873031628	0.0620250629907865	0.254712456742771	0.999884514510431	0	lavaan->lav_object_post_check():  
   some estimated lv variances are negative	NA	NA	NA	naive_thymus_derived_CD4_positive_alpha_beta_T_cell	naive_thymus_derived_CD4_positive_alpha_beta_T_cell
3	/local1/scratch/pazweifel/single_cell_1k1k_respective/naive_thymus_derived_CD4_positive_alpha_beta_T_cell/	F3	~~	F3	0.0261938074482722	3.61169873031628	-0.0164495482747565	0.844088021390498	0.885743571551416	0	lavaan->lav_object_post_check():  
   some estimated lv variances are negative	NA	NA	NA	naive_thymus_derived_CD4_positive_alpha_beta_T_cell	naive_thymus_derived_CD4_positive_alpha_beta_T_cell
4	/local1/scratch/pazweifel/single_cell_1k1k_respective/naive_thymus_derived_CD4_positive_alpha_beta_T_cell/	F4	~~	F4	0.0261938074482722	3.61169873031628	0.017505351191806	0.344374520994801	0.997834452973889	0	lavaan->lav_object_post_check():  
   some estimated lv variances are negative	NA	NA	NA	naive_thymus_derived_CD4_positive_alpha_beta_T_cell	naive_thymus_derived_CD4_positive_alpha_beta_T_cell
1	/local1/scratch/pazweifel/single_cell_1k1k_respective/naive_thymus_derived_CD8_positive_alpha_beta_T_cell/	F1	~~	F1	0.0265006822192554	2.7933585028936	0.0189344993191439	0.431804914268517	0.988457076018319	0	lavaan->lav_object_post_check():  
   covariance matrix of latent variables is not positive definite ; use 
   lavInspect(fit, "cov.lv") to investigate.	NA	NA	NA	naive_thymus_derived_CD8_positive_alpha_beta_T_cell	naive_thymus_derived_CD8_positive_alpha_beta_T_cell
2	/local1/scratch/pazweifel/single_cell_1k1k_respective/naive_thymus_derived_CD8_positive_alpha_beta_T_cell/	F2	~~	F2	0.0265006822192554	2.7933585028936	0.219113081981227	0.259935761086793	0.998668395246844	0	lavaan->lav_object_post_check():  
   covariance matrix of latent variables is not positive definite ; use 
   lavInspect(fit, "cov.lv") to investigate.	NA	NA	NA	naive_thymus_derived_CD8_positive_alpha_beta_T_cell	naive_thymus_derived_CD8_positive_alpha_beta_T_cell
3	/local1/scratch/pazweifel/single_cell_1k1k_respective/naive_thymus_derived_CD8_positive_alpha_beta_T_cell/	F3	~~	F3	0.0265006822192554	2.7933585028936	0.0394528954258149	0.887716316025012	0.860383258904778	0	lavaan->lav_object_post_check():  
   covariance matrix of latent variables is not positive definite ; use 
   lavInspect(fit, "cov.lv") to investigate.	NA	NA	NA	naive_thymus_derived_CD8_positive_alpha_beta_T_cell	naive_thymus_derived_CD8_positive_alpha_beta_T_cell
4	/local1/scratch/pazweifel/single_cell_1k1k_respective/naive_thymus_derived_CD8_positive_alpha_beta_T_cell/	F4	~~	F4	0.0265006822192554	2.7933585028936	0.298770791485145	0.338040077483377	0.980978756482362	0	lavaan->lav_object_post_check():  
   covariance matrix of latent variables is not positive definite ; use 
   lavInspect(fit, "cov.lv") to investigate.	NA	NA	NA	naive_thymus_derived_CD8_positive_alpha_beta_T_cell	naive_thymus_derived_CD8_positive_alpha_beta_T_cell
1	/local1/scratch/pazweifel/single_cell_1k1k_respective/natural_killer_cell/	F1	~~	F1	0.0175181780199147	2.09889928704831	-0.0573967126611775	0.566386034402718	0.96904353312842	0	lavaan->lav_object_post_check():  
   some estimated lv variances are negative	NA	NA	NA	natural_killer_cell	natural_killer_cell
2	/local1/scratch/pazweifel/single_cell_1k1k_respective/natural_killer_cell/	F2	~~	F2	0.0175181780199147	2.09889928704831	0.00672071475924906	0.255123570866997	0.999950560476826	0	lavaan->lav_object_post_check():  
   some estimated lv variances are negative	NA	NA	NA	natural_killer_cell	natural_killer_cell
3	/local1/scratch/pazweifel/single_cell_1k1k_respective/natural_killer_cell/	F3	~~	F3	0.0175181780199147	2.09889928704831	0.0300539786834002	0.891537044012016	0.861690987050214	0	lavaan->lav_object_post_check():  
   some estimated lv variances are negative	NA	NA	NA	natural_killer_cell	natural_killer_cell
4	/local1/scratch/pazweifel/single_cell_1k1k_respective/natural_killer_cell/	F4	~~	F4	0.0175181780199147	2.09889928704831	0.0541550234059791	0.291103420474377	0.999421291900434	0	lavaan->lav_object_post_check():  
   some estimated lv variances are negative	NA	NA	NA	natural_killer_cell	natural_killer_cell
1	/local1/scratch/pazweifel/single_cell_1k1k_respective/peripheral_blood_mononuclear_cell/	F1	~~	F1	0.0194644602819492	1.53699406763268	-0.0431136382111818	0.676327925381651	0.93850199402382	0	lavaan->lav_object_post_check():  
   some estimated lv variances are negative	NA	NA	NA	peripheral_blood_mononuclear_cell	peripheral_blood_mononuclear_cell
2	/local1/scratch/pazweifel/single_cell_1k1k_respective/peripheral_blood_mononuclear_cell/	F2	~~	F2	0.0194644602819492	1.53699406763268	0.152353671590732	0.393573351378841	0.984368884788372	0	lavaan->lav_object_post_check():  
   some estimated lv variances are negative	NA	NA	NA	peripheral_blood_mononuclear_cell	peripheral_blood_mononuclear_cell
3	/local1/scratch/pazweifel/single_cell_1k1k_respective/peripheral_blood_mononuclear_cell/	F3	~~	F3	0.0194644602819492	1.53699406763268	2.58543759208337	1.0448713609893	0.0645889248731039	0	lavaan->lav_object_post_check():  
   some estimated lv variances are negative	NA	NA	NA	peripheral_blood_mononuclear_cell	peripheral_blood_mononuclear_cell
4	/local1/scratch/pazweifel/single_cell_1k1k_respective/peripheral_blood_mononuclear_cell/	F4	~~	F4	0.0194644602819492	1.53699406763268	0.417477459809488	0.471635052139293	0.891605756739326	0	lavaan->lav_object_post_check():  
   some estimated lv variances are negative	NA	NA	NA	peripheral_blood_mononuclear_cell	peripheral_blood_mononuclear_cell
1	/local1/scratch/pazweifel/single_cell_1k1k_respective/plasmablast/	F1	~~	F1	0.0168822898731823	1.55559468610046	0.0633944316950272	0.666939852139834	0.919890127294229	0	lavaan->lav_object_post_check():  
   some estimated lv variances are negative	NA	NA	NA	plasmablast	plasmablast
2	/local1/scratch/pazweifel/single_cell_1k1k_respective/plasmablast/	F2	~~	F2	0.0168822898731823	1.55559468610046	-0.000804137274008683	0.346661542377599	0.998055190923934	0	lavaan->lav_object_post_check():  
   some estimated lv variances are negative	NA	NA	NA	plasmablast	plasmablast
3	/local1/scratch/pazweifel/single_cell_1k1k_respective/plasmablast/	F3	~~	F3	0.0168822898731823	1.55559468610046	-0.0320228631429929	0.96690429097719	0.85709252350927	0	lavaan->lav_object_post_check():  
   some estimated lv variances are negative	NA	NA	NA	plasmablast	plasmablast
4	/local1/scratch/pazweifel/single_cell_1k1k_respective/plasmablast/	F4	~~	F4	0.0168822898731823	1.55559468610046	-0.177190118882843	0.438996465482956	0.996335880599214	0	lavaan->lav_object_post_check():  
   some estimated lv variances are negative	NA	NA	NA	plasmablast	plasmablast
1	/local1/scratch/pazweifel/single_cell_1k1k_respective/plasmacytoid_dendritic_cell/	F1	~~	F1	0.0124128063898522	1.82123901205642	0.206891078809646	0.540853301851674	0.928730739460741	0	lavaan->lav_object_post_check():  
   some estimated lv variances are negative	NA	NA	NA	plasmacytoid_dendritic_cell	plasmacytoid_dendritic_cell
2	/local1/scratch/pazweifel/single_cell_1k1k_respective/plasmacytoid_dendritic_cell/	F2	~~	F2	0.0124128063898522	1.82123901205642	-0.0931192121411996	0.26378630289553	0.999982931843683	0	lavaan->lav_object_post_check():  
   some estimated lv variances are negative	NA	NA	NA	plasmacytoid_dendritic_cell	plasmacytoid_dendritic_cell
3	/local1/scratch/pazweifel/single_cell_1k1k_respective/plasmacytoid_dendritic_cell/	F3	~~	F3	0.0124128063898522	1.82123901205642	0.190283599517363	1.01252902483678	0.788056807629627	0	lavaan->lav_object_post_check():  
   some estimated lv variances are negative	NA	NA	NA	plasmacytoid_dendritic_cell	plasmacytoid_dendritic_cell
4	/local1/scratch/pazweifel/single_cell_1k1k_respective/plasmacytoid_dendritic_cell/	F4	~~	F4	0.0124128063898522	1.82123901205642	0.157232407856826	0.325582914962836	0.9951800900347	0	lavaan->lav_object_post_check():  
   some estimated lv variances are negative	NA	NA	NA	plasmacytoid_dendritic_cell	plasmacytoid_dendritic_cell
1	/local1/scratch/pazweifel/single_cell_1k1k_respective/platelet/	F1	~~	F1	0.013627374630831	1.87979784884745	-0.00459809048173328	0.583670321769329	0.957390358555678	0	lavaan->lav_object_post_check():  
   some estimated lv variances are negative	NA	NA	NA	platelet	platelet
2	/local1/scratch/pazweifel/single_cell_1k1k_respective/platelet/	F2	~~	F2	0.013627374630831	1.87979784884745	-0.0801534795404183	0.286408196580493	0.999918825631883	0	lavaan->lav_object_post_check():  
   some estimated lv variances are negative	NA	NA	NA	platelet	platelet
3	/local1/scratch/pazweifel/single_cell_1k1k_respective/platelet/	F3	~~	F3	0.013627374630831	1.87979784884745	2.20317795139626	1.08735642858174	0.134251488940558	0	lavaan->lav_object_post_check():  
   some estimated lv variances are negative	NA	NA	NA	platelet	platelet
4	/local1/scratch/pazweifel/single_cell_1k1k_respective/platelet/	F4	~~	F4	0.013627374630831	1.87979784884745	-0.0668923180709902	0.31304818774216	0.999672887806261	0	lavaan->lav_object_post_check():  
   some estimated lv variances are negative	NA	NA	NA	platelet	platelet
1	/local1/scratch/pazweifel/single_cell_1k1k_respective/regulatory_T_cell/	F1	~~	F1	0.0354647545073288	3.0319119032748	-0.820728926568919	0.622410876577813	0.998279293125075	0	lavaan->lav_lavaan_step11_estoptim():  
   Model estimation FAILED! Returning starting values.	NA	NA	NA	regulatory_T_cell	regulatory_T_cell
2	/local1/scratch/pazweifel/single_cell_1k1k_respective/regulatory_T_cell/	F2	~~	F2	0.0354647545073288	3.0319119032748	0.12107031014949	0.247218337576858	0.999811209519091	0	lavaan->lav_lavaan_step11_estoptim():  
   Model estimation FAILED! Returning starting values.	NA	NA	NA	regulatory_T_cell	regulatory_T_cell
3	/local1/scratch/pazweifel/single_cell_1k1k_respective/regulatory_T_cell/	F3	~~	F3	0.0354647545073288	3.0319119032748	-17.7417210828682	0.962227525186221	1	0	lavaan->lav_lavaan_step11_estoptim():  
   Model estimation FAILED! Returning starting values.	NA	NA	NA	regulatory_T_cell	regulatory_T_cell
4	/local1/scratch/pazweifel/single_cell_1k1k_respective/regulatory_T_cell/	F4	~~	F4	0.0354647545073288	3.0319119032748	-1.31344282476006	0.396380521942362	0.999999997333267	0	lavaan->lav_lavaan_step11_estoptim():  
   Model estimation FAILED! Returning starting values.	NA	NA	NA	regulatory_T_cell	regulatory_T_cell
1	/local1/scratch/pazweifel/single_cell_1k1k_respective/transitional_stage_B_cell/	F1	~~	F1	0.0174546282933232	2.27732483663579	0.160525705146671	0.432570459063827	0.973850530111236	0	lavaan->lav_object_post_check():  
   covariance matrix of latent variables is not positive definite ; use 
   lavInspect(fit, "cov.lv") to investigate.	NA	NA	NA	transitional_stage_B_cell	transitional_stage_B_cell
2	/local1/scratch/pazweifel/single_cell_1k1k_respective/transitional_stage_B_cell/	F2	~~	F2	0.0174546282933232	2.27732483663579	0.188189190830537	0.303219857371353	0.996289103026175	0	lavaan->lav_object_post_check():  
   covariance matrix of latent variables is not positive definite ; use 
   lavInspect(fit, "cov.lv") to investigate.	NA	NA	NA	transitional_stage_B_cell	transitional_stage_B_cell
3	/local1/scratch/pazweifel/single_cell_1k1k_respective/transitional_stage_B_cell/	F3	~~	F3	0.0174546282933232	2.27732483663579	0.442380039912375	0.821920803067106	0.751252084410483	0	lavaan->lav_object_post_check():  
   covariance matrix of latent variables is not positive definite ; use 
   lavInspect(fit, "cov.lv") to investigate.	NA	NA	NA	transitional_stage_B_cell	transitional_stage_B_cell
4	/local1/scratch/pazweifel/single_cell_1k1k_respective/transitional_stage_B_cell/	F4	~~	F4	0.0174546282933232	2.27732483663579	0.307702232708228	0.413173565913112	0.953087953601556	0	lavaan->lav_object_post_check():  
   covariance matrix of latent variables is not positive definite ; use 
   lavInspect(fit, "cov.lv") to investigate.	NA	NA	NA	transitional_stage_B_cell	transitional_stage_B_cell
